Row ID,Order ID,Order Date,Ship Date,Ship Mode,Customer ID,Customer Name,Segment,Country/Region,City,State/Province,Postal Code,Region,Product ID,Category,Sub-Category,Product Name,Sales,Quantity,Discount,Profit
1,US-2023-103800,03.01.2023,7/1/2023,Standard Class,DP-13000,Darren Powers,Consumer,United States,Houston,Texas,77095,Central,OFF-PA-10000174,Office Supplies,Paper,"Message Book, Wirebound, Four 5 1/2"" X 4"" Forms/Pg., 200 Dupl. Sets/Book",,2,0.2,5.5512
2,US-2023-112326,4-Jan-23,8/1/2023,Standard Class,PO-19195,Phillina Ober,Home Office,United States,Naperville,Illinois,60540,Central,OFF-BI-10004094,Office Supplies,Binders,GBC Standard Plastic Binding Systems Combs,3.54,2,0.8,
3,US-2023-112326,4/1/2023 0:00,8/1/2023,Standard Class,PO-19195,Phillina Ober,home office,United States,Naperville,Illinois,60540,Central,OFF-LA-10003223,Office Supplies,Labels,Avery 508,11.784,3,0.2,4.2717
4,US-2023-112326,4/1/2023 0:00,8/1/2023,Standard Class,PO-19195,Phillina Ober,Home Office,United States,Naperville,Illinois,60540,Central,OFF-ST-10002743,Office Supplies,Storage,SAFCO Boltless Steel Shelving,,3,0.2,-64.7748
5,US-2023-141817,5/1/2023 0:00,12/1/2023,,MB-18085,Mick Brown,Consumer,United States,Philadelphia,Pennsylvania,19143,East,OFF-AR-10003478,Office Supplies,Art,"Avery Hi-Liter EverBold Pen Style Fluorescent Highlighters, 4/Pack",19.536,3,0.2,4.884
6,US-2023-167199,6/1/2023 0:00,10/1/2023,Standard Class,ME-17320,Maria Etezadi,Home Office,United States,Henderson,Kentucky,42420,South,FUR-CH-10004063,Furniture,Chairs,Global Deluxe High-Back Manager's Chair,2573.82,9,5.5,746.4078
7,US-2023-167199,6/1/2023 0:00,10/1/2023,Standard Class,ME-17320,Maria Etezadi,Home Office,United States,Henderson,Kentucky,42420,South,OFF-AR-10001662,Office Supplies,Art,Rogers Handheld Barrel Pencil Sharpener,5.48,2,0,1.4796
8,US-2023-106054,6/1/2023 0:00,7/1/2023,First Class,JO-15145,Jack O'Briant,Corporate,United States,Athens,Georgia,30605,South,OFF-AR-10002399,Office Supplies,Art,"Dixon Prang Watercolor Pencils, 10-Color Set with Brush",12.78,3,0,5.2398
9,US-2023-167199,6/1/2023 0:00,10/1/2023,Standard Class,ME-17320,Maria Etezadi,Home Office,United States,Henderson,Kentucky,42420,South,OFF-BI-10004632,Office Supplies,Binders,Ibico Hi-Tech Manual Binding System,,2,0,274.491
10,US-2023-167199,20230106,10/1/2023,Standard Class,ME-17320,Maria Etezadi,Home Office,United States,Henderson,Kentucky,42420,South,OFF-FA-10001883,Office Supplies,Fasteners,"Alliance Super-Size Bands, Assorted Sizes",31.12,4,0,0.3112
11,US-2023-167199,20230106,10/1/2023,Standard Class,ME-17320,Maria Etezadi,Home Office,United States,Henderson,Kentucky,42420,South,OFF-PA-10000955,Office Supplies,Paper,Southworth 25% Cotton Granite Paper & Envelopes,,1,0,3.0084
12,US-2023-130813,6/1/2023 0:00,8/1/2023,Second Class,LS-17230,Lycoris Saunders,Consumer,United States,Los Angeles,California,90049,West,OFF-PA-10002005,Office Supplies,Paper,Xerox 225,19.44,3,0,9.3312
13,US-2023-167199,06.01.2023,10/1/2023,Standard Class,ME-17320,Maria Etezadi,Home Office,United States,Henderson,Kentucky,42420,South,TEC-PH-10004539,Technology,Phones,Wireless Extenders zBoost YX545 SOHO Signal Booster,755.96,4,0,204.1092
14,US-2023-167199,6/1/2023 0:00,10/1/2023,Standard Class,ME-17320,Maria Etezadi,Home Office,United States,Henderson,Kentucky,42420,South,TEC-PH-10004977,Technology,Phones,GE 30524EE4,391.98,2,0,113.6742
15,US-2023-105417,7/1/2023 0:00,12/1/2023,Standard Class,VS-21820,Vivek Sundaresam,Consumr,United States,Huntsville,Texas,77340,Central,FUR-FU-10004864,Furniture,Furnishings,"Howard Miller 14-1/2"" Diameter Chrome Round Wall Clock",,3,0.6,-53.7096
15,US-2023-105417,7/1/2023 0:00,12/1/2023,Standard Class,VS-21820,Vivek Sundaresam,Consumr,United States,Huntsville,Texas,77340,Central,FUR-FU-10004864,Furniture,Furnishings,"Howard Miller 14-1/2"" Diameter Chrome Round Wall Clock",,3,0.6,-53.7096
16,US-2023-105417,7/1/2023 0:00,12/1/2023,,VS-21820,Vivek Sundaresam,Consumer,United States,Huntsville,Texas,77340,Central,OFF-BI-10003708,Office Supplies,Binders,"Acco Four Pocket Poly Ring Binder with Label Holder, Smoke, 1""",10.43,,0.8,-18.2525
17,US-2023-135405,9/1/2023 0:00,13/1/2023,Standard Class,MS-17830,Melanie Seite,Consumer,United States,Laredo,Texas,78041,Central,OFF-AR-10004078,Office Supplies,Art,Newell 312,9.344,2,0.2,1.168
18,US-2023-135405,9-Jan-23,13/1/2023,Standard Class,MS-17830,Melanie Seite,Consumer,United States,Laredo,Texas,78041,Central,TEC-AC-10001266,Technology,Accessories,Memorex Micro Travel Drive 8 GB,31.2,3,0.2,9.75
19,US-2023-149020,10/1/2023 0:00,15/1/2023,Standard Class,AJ-10780,Anthony Jacobs,Corporate,United States,Springfield,Virginia,22153,South,FUR-FU-10000965,Furniture,Furnishings,"Howard Miller 11-1/2"" Diameter Ridgewood Wall Clock",51.94,1,0,21.2954
20,US-2023-149020,10/1/2023 0:00,15/1/2023,Standard Class,AJ-10780,Anthony Jacobs,Corporate  ,United States,Springfield,Virginia,22153,South,OFF-LA-10004272,Office Supplies,Labels,Avery 482,,1,0,1.3583
21,US-2023-130092,11/1/2023 0:00,14/1/2023,First Class,SV-20365,Seth Vernon,consumer,United States,Dover,Delaware,19901,East,FUR-FU-10000010,Furniture,Furnishings,"DAX Value U-Channel Document Frames, Easel Back",9.94,2,5.5,3.0814
22,US-2023-157147,13/1/2023 0:00,18/1/2023,Standard Class,BD-11605,Brian Dahlen,Counsumer,United States,San Francisco,California,94109,West,FUR-BO-10003034,Furniture,Bookcases,"O'Sullivan Elevations Bookcase, Cherry Finish",333.999,3,0.15,3.9294
23,US-2023-109232,13/1/2023 0:00,16/1/2023,Second Class,ND-18370,Natalie DeCherney,Consumer,United States,Mount Pleasant,South Carolina,29464,South,FUR-CH-10000422,Furniture,Chairs,Global Highback Leather Tilter in Burgundy,545.94,6,0,87.3504
24,US-2023-157147,13/1/2023 0:00,18/1/2023,Standard Class,BD-11605,Brian Dahlen,Consumer,United States,San Francisco,California,94109,West,OFF-AR-10003514,Office Supplies,Art,4009 Highlighters by Sanford,,5,0,6.567
25,US-2023-118192,13.01.2023,18/1/2023,Standard Class,MM-17920,Michael Moore,Consumer,United States,Newark,Ohio,43055,East,OFF-BI-10003476,Office Supplies,Binders,Avery Metallic Poly Binders,3.438,2,0.7,-2.5212
26,US-2023-162775,13-Jan-23,15/1/2023,Second Class,CS-12250,Chris Selesnick,Corp.,United States,Bossier City,Louisiana,71111,South,OFF-BI-10004187,Office Supplies,Binders,3-ring staple pack,5.64,3,0,2.7072
27,US-2023-162775,13/1/2023 0:00,15/1/2023,Second Class,CS-12250,Chris Selesnick,Corporate,United States,Bossier City,Louisiana,71111,South,OFF-EN-10001532,Office Supplies,Envelopes,Brown Kraft Recycled Envelopes,50.94,3,0,25.47
28,US-2023-162775,13/1/2023 0:00,15/1/2023,Second Class,CS-12250,Chris Selesnick,Corporate,United States,Bossier City,Louisiana,71111,South,OFF-EN-10001990,Office Supplies,Envelopes,Staple envelope,11.36,2,0,5.3392
29,US-2023-118192,13.01.2023,18/1/2023,Standard Class,MM-17920,Michael Moore,Consumer,United States,Newark,Ohio,43055,East,OFF-PA-10002947,Office Supplies,Paper,Xerox 1923,37.408,7,0.2,13.0928
30,US-2023-162775,13/1/2023 0:00,15/1/2023,Second Class,CS-12250,Chris Selesnick,Corporate,United States,Bossier City,Louisiana,71111,South,OFF-ST-10000025,Office Supplies,Storage,Fellowes Stor/Drawer Steel Plus Storage Drawers,,6,0,34.3548
30,US-2023-162775,13/1/2023 0:00,15/1/2023,Second Class,CS-12250,Chris Selesnick,Corporate,United States,Bossier City,Louisiana,71111,South,OFF-ST-10000025,Office Supplies,Storage,Fellowes Stor/Drawer Steel Plus Storage Drawers,,6,0,34.3548
31,US-2023-157147,13/1/2023 0:00,18/1/2023,Standard Class,BD-11605,Brian Dahlen,Consumer,United States,San Francisco,California,94109,West,OFF-ST-10000078,Office Supplies,Storage,Tennsco 6- and 18-Compartment Lockers,1325.85,5,0,238.653
32,US-2023-162775,20230113,15/1/2023,Second Class,CS-12250,Chris Selesnick,Corporate,United States,Bossier City,Louisiana,71111,South,TEC-AC-10003174,Technology,Accessories,Plantronics S12 Corded Telephone Headset System,,6,0,258.696
32,US-2023-162775,20230113,15/1/2023,Second Class,CS-12250,Chris Selesnick,Corporate,United States,Bossier City,Louisiana,71111,South,TEC-AC-10003174,Technology,Accessories,Plantronics S12 Corded Telephone Headset System,,6,0,258.696
33,US-2023-149524,14-Jan-23,15/1/2023,First Class,BS-11590,Brendan Sweed,Corporate,United States,Philadelphia,Pennsylvania,19140,East,FUR-BO-10003433,Furniture,Bookcases,Sauder Cornerstone Collection Library,61.96,4,0.5,-53.2856
34,US-2023-103366,15/1/2023 0:00,17/1/2023,First Class,EH-13990,Erica Hackney,Consumer,United States,Roswell,Georgia,30076,South,TEC-AC-10003628,Technology,Accessories,Logitech 910-002974 M325 Wireless Mouse for Web Scrolling,,5,0,65.978
34,US-2023-103366,15/1/2023 0:00,17/1/2023,First Class,EH-13990,Erica Hackney,Consumer,United States,Roswell,Georgia,30076,South,TEC-AC-10003628,Technology,Accessories,Logitech 910-002974 M325 Wireless Mouse for Web Scrolling,,5,0,65.978
35,US-2023-115791,16/1/2023 0:00,18/1/2023,Second Class,DL-13315,Delfina Latchford,Consumer,United States,Philadelphia,Pennsylvania,19134,East,FUR-FU-10001095,Furniture,Furnishings,DAX Black Cherry Wood-Tone Poster Frame,127.104,6,0.2,
36,US-2023-115791,16/1/2023 0:00,18/1/2023,Second Class,DL-13315,Delfina Latchford,Consumer,United States,Philadelphia,Pennsylvania,19134,East,OFF-BI-10001575,Office Supplies,Binders,GBC Linen Binding Covers,,2,0.7,-13.6312
36,US-2023-115791,16/1/2023 0:00,18/1/2023,Second Class,DL-13315,Delfina Latchford,Consumer,United States,Philadelphia,Pennsylvania,19134,East,OFF-BI-10001575,Office Supplies,Binders,GBC Linen Binding Covers,,2,0.7,-13.6312
37,US-2023-115791,16/1/2023 0:00,18/1/2023,Second Class,DL-13315,Delfina Latchford,Consumer,United States,Philadelphia,Pennsylvania,19134,East,OFF-LA-10001074,Office Supplies,Labels,Round Specialty Laser Printer Labels,,3,0.2,10.1493
38,US-2023-115791,16/1/2023 0:00,18/1/2023,Second Class,DL-13315,Delfina Latchford,Consumer,United States,Philadelphia,Pennsylvania,19134,East,TEC-PH-10004614,Technology,Phones,AT&T 841000 Phone,124.2,3,0.4,-31.05
39,US-2023-123477,18.01.2023,21/1/2023,Second Class,DW-13195,David Wiener,Corporate,United States,Springfield,Oregon,97477,West,OFF-AP-10000692,Office Supplies,Appliances,Fellowes Mighty 8 Compact Surge Protector,64.864,4,0.2,6.4864
40,US-2023-146591,19.01.2023,20/1/2023,First Class,TS-21340,Toby Swindell,Consumer,United States,Scottsdale,Arizona,85254,West,FUR-BO-10001972,Furniture,Bookcases,O'Sullivan 4-Shelf Bookcase in Odessa Pine,,5,0.7,-320.597
40,US-2023-146591,19.01.2023,20/1/2023,First Class,TS-21340,Toby Swindell,Consumer,United States,Scottsdale,Arizona,85254,West,FUR-BO-10001972,Furniture,Bookcases,O'Sullivan 4-Shelf Bookcase in Odessa Pine,,5,0.7,-320.597
41,US-2023-146591,19/1/2023 0:00,20/1/2023,First Class,TS-21340,Toby Swindell,Consumer,United States,Scottsdale,Arizona,85254,West,OFF-BI-10003676,Office Supplies,Binders,"GBC Standard Recycled Report Covers, Clear Plastic Sheets",32.34,10,0.7,-23.716
42,US-2023-146591,19/1/2023 0:00,20/1/2023,First Class,TS-21340,Toby Swindell,Consumer,United States,Scottsdale,Arizona,85254,West,OFF-EN-10002504,Office Supplies,Envelopes,"Tyvek  Top-Opening Peel & Seel Envelopes, Plain White",108.72,5,0.2,36.693
43,US-2023-146591,19/1/2023 0:00,20/1/2023,First Class,TS-21340,Toby Swindell,Consumer,United States,Scottsdale,Arizona,85254,West,OFF-PA-10000659,Office Supplies,Paper,"TOPS Carbonless Receipt Book, Four 2-3/4 x 7-1/4 Money Receipts per Page",56.064,4,0.2,19.6224
44,US-2023-147627,20/1/2023 0:00,26/1/2023,Standard Class,HL-15040,Hunter Lopez,Counsumer,United States,Jonesboro,Arkansas,72401,South,FUR-CH-10002331,  Furniture   ,Chairs,Hon 4700 Series Mobuis Mid-Back Task Chairs with Adjustable Arms,1067.94,3,0,224.2674
45,US-2023-167927,20/1/2023 0:00,26/1/2023,Standard Class,XP-21865,Xylona Preis,  Consumer,United States,Westland,Michigan,48185,Central,FUR-FU-10002268,Furniture,Furnishings,Ultra Door Push Plate,14.73,3,0,
46,US-2023-167927,20/1/2023 0:00,26/1/2023,Standard Class,XP-21865,Xylona Preis,Consumer,United States,Westland,Michigan,48185,Central,FUR-FU-10002918,Furniture,Furnishings,Eldon ClusterMat Chair Mat with Cordless Antistatic Protection,272.94,,0,30.0234
47,US-2023-147627,20/1/2023 0:00,26/1/2023,Standard Class,HL-15040,Hunter Lopez,Consumer,United States,Jonesboro,Arkansas,72401,South,FUR-FU-10003194,Furniture,Furnishings,"Eldon Expressions Desk Accessory, Wood Pencil Holder, Oak",38.6,4,0,11.58
48,US-2023-148614,20/1/2023 0:00,25/1/2023,Standard Class,MV-17485,Mark Van Huff,Consumer,United States,Los Angeles,California,90049,West,FUR-FU-10003194,Furniture,Furnishings,"Eldon Expressions Desk Accessory, Wood Pencil Holder, Oak",,,0,5.79
49,US-2023-167927,20/1/2023 0:00,26/1/2023,,XP-21865,Xylona Preis,Consumer,United States,Westland,Michigan,48185,Central,OFF-AP-10002311,Office Supplies,Appliances,"Holmes Replacement Filter for HEPA Air Cleaner, Very Large Room, HEPA Filter",247.716,4,0.1,93.5816
50,US-2023-147627,20/1/2023 0:00,26/1/2023,Standard Class,HL-15040,Hunter Lopez,Consumer,United States,Jonesboro,Arkansas,72401,South,OFF-AR-10002375,Office Supplies,Art,Newell 351,22.96,7,0,6.6584
51,US-2023-147627,20/1/2023 0:00,26/1/2023,Standard Class,HL-15040,Hunter Lopez,  Consumer,United States,Jonesboro,Arkansas,72401,South,OFF-AR-10003811,Office Supplies,Art,Newell 327,,3,0,1.7901
52,US-2023-167927,20/1/2023 0:00,26/1/2023,Standard Class,XP-21865,Xylona Preis,Consumer,United States,Westland,Michigan,48185,Central,OFF-AR-10004456,Office Supplies,Art,Panasonic KP-4ABK Battery-Operated Pencil Sharpener,43.92,3,0,12.7368
53,US-2023-167927,20/1/2023 0:00,26/1/2023,Standard Class,XP-21865,Xylona Preis,Consumer,United States,Westland,Michigan,48185,Central,OFF-BI-10000605,Office Supplies,Binders,"Acco Pressboard Covers with Storage Hooks, 9 1/2"" x 11"", Executive Red",19.05,5,0,8.9535
54,US-2023-147774,20/1/2023 0:00,26/1/2023,Standard Class,MM-18280,Muhammed MacIntyre,Corporate,United States,Smyrna,Tennessee,37167,South,OFF-BI-10003091,Office Supplies,Binders,GBC DocuBind TL200 Manual Binding Machine,67.194,,0.7,
55,US-2023-167927,20.01.2023,26/1/2023,Standard Class,XP-21865,Xylona Preis,Consumer,United States,Westland,Michigan,48185,Central,OFF-BI-10004364,Office Supplies,Binders,Storex Dura Pro Binders,29.7,5,0,13.365
56,US-2023-147627,20/1/2023 0:00,26/1/2023,Standard Class,HL-15040,Hunter Lopez,Consumer,United States,Jonesboro,Arkansas,72401,South,OFF-EN-10001539,Office Supplies,Envelopes,Staple envelope,23.34,3,0,10.9698
57,US-2023-148614,20/1/2023 0:00,25/1/2023,Standard Class,MV-17485,Mark Van Huff,Consumer,United States,Los Angeles,California,90049,West,OFF-PA-10002893,Office Supplies,Paper,"Wirebound Service Call Books, 5 1/2"" x 4""",19.36,2,0,9.2928
58,US-2023-167927,20/1/2023 0:00,26/1/2023,Standard Class,XP-21865,Xylona Preis,Consumer,United States,Westland,Michigan,48185,Central,OFF-ST-10000760,Office Supplies,Storage,Eldon Fold 'N Roll Cart System,13.98,1,0,4.0542
59,US-2023-167927,20/1/2023 0:00,26/1/2023,Standard Class,XP-21865,Xylona Preis,Consumer,United States,Westland,Michigan,48185,Central,OFF-ST-10003123,Office Supplies,Storage,Fellowes Bases and Tops For Staxonsteel/High-Stak Systems,66.58,2,0,15.9792
60,US-2023-147627,20/1/2023 0:00,26/1/2023,Standard Class,HL-15040,Hunter Lopez,Consumer,United States,Jonesboro,Arkansas,72401,South,TEC-PH-10001061,Technology,Phones,Apple iPhone 5C,699.93,7,0,181.9818
61,US-2023-110422,21-Jan-23,23/1/2023,,TB-21400,Tom Boeckenhauer,Consumer,United States,Miami,Florida,33180,South,FUR-FU-10001889,Furniture,Furnishings,Ultra Door Pull Handle,25.248,,0.2,4.1028
62,CA-2023-115238,21/1/2023 0:00,24/1/2023,Standard Class,JW-15220,Jane Waco,Corporate,Canada,Toronto,Ontario,M7A,East,FUR-FU-10001025,Furniture,Furnishings,"Eldon Imàge Series Desk Accessories, Clear",24.3,5,0,10.45
63,CA-2023-115238,21/1/2023 0:00,24/1/2023,Standard Class,JW-15220,Jane Waco,Corporate,Canada,Toronto,Ontario,M7A,East,FUR-FU-10002445,Furniture,Furnishings,"DAX Two-Tone Rosewood/Black Document Frame, Desktop, 5 x 7",9.48,1,0,3.79
64,CA-2023-115238,21-Jan-23,24/1/2023,Standard Class,JW-15220,Jane Waco,Corporate,Canada,Toronto,Ontario,M7A,East,FUR-FU-10002960,Furniture,Furnishings,"Eldon 200 Class Desk Accessories, Burgundy",,5,0,13.19
65,CA-2023-115238,21/1/2023 0:00,24/1/2023,Standard Class,JW-15220,Jane Waco,Corporate,Canada,Toronto,Ontario,M7A,East,OFF-PA-10002689,Office Supplies,Paper,Weyerhaeuser First Choice Laser/Copy Paper (20Lb. and 88 Bright),6.48,1,0,3.11
66,CA-2023-115238,21/1/2023 0:00,24/1/2023,Standard Class,JW-15220,Jane Waco,Corporate  ,Canada,Toronto,Ontario,M7A,East,TEC-PH-10001300,Technology,Phones,"iKross Bluetooth Portable Keyboard + Cell Phone Stand Holder + Brush for Apple iPhone 5S 5C 5, 4S 4",209.5,10,0,58.66
67,US-2023-146997,23/1/2023 0:00,27/1/2023,Standard Class,SG-20605,Speros Goranitis,Consumer,United States,Lafayette,Indiana,47905,Central,OFF-FA-10003467,Office Supplies,Fasteners,"Alliance Big Bands Rubber Bands, 12/Pack",5.94,3,0,0
68,US-2023-102645,23/1/2023 0:00,28/1/2023,Standard Class,IM-15055,Ionia McGrath,Consumer,United States,Las Vegas,Nevada,89115,West,OFF-PA-10001804,Office Supplies,Paper,Xerox 195,40.08,6,0,19.2384
69,US-2023-167997,26/1/2023 0:00,29/1/2023,First Class,CA-11965,Carol Adams,Corporate,United States,Rapid City,South Dakota,57701,Central,FUR-BO-10004409,Furniture,Bookcases,"Safco Value Mate Series Steel Bookcases, Baked Enamel Finish on Steel, Gray",141.96,2,0,39.7488
70,US-2023-155502,26/1/2023 0:00,31/1/2023,Standard Class,SD-20485,Shirley Daniels,Home Office,United States,Alexandria,Virginia,22304,South,FUR-FU-10001847,Furniture,Furnishings,Eldon Image Series Black Desk Accessories,12.42,3,0,4.4712
71,US-2023-155502,26/1/2023 0:00,31/1/2023,Standard Class,SD-20485,Shirley Daniels,Home Office,United States,Alexandria,Virginia,22304,South,FUR-FU-10004587,Furniture,Furnishings,"GE General Use Halogen Bulbs, 100 Watts, 1 Bulb per Pack",62.82,3,0,30.7818
72,US-2023-167997,26/1/2023 0:00,29/1/2023,First Class,CA-11965,Carol Adams,Corporate,United States,Rapid City,South Dakota,57701,Central,OFF-BI-10001758,Office Supplies,Binders,Wilson Jones 14 Line Acrylic Coated Pressboard Data Binders,10.68,2,0,5.0196
73,US-2023-155502,26/1/2023 0:00,31/1/2023,Standard Class,SD-20485,Shirley Daniels,Home Office,United States,Alexandria,Virginia,22304,South,OFF-PA-10000380,Office Supplies,Paper,"REDIFORM Incoming/Outgoing Call Register, 11"" X 8 1/2"", 100 Messages",16.68,2,0,-83.4
74,US-2023-155502,26/1/2023 0:00,31/1/2023,Standard Class,SD-20485,Shirley Daniels,Home Office,United States,Alexandria,Virginia,22304,South,OFF-PA-10003072,Office Supplies,Paper,"Eureka Recycled Copy Paper 8 1/2"" x 11"", Ream",19.44,3,0,9.3312
75,US-2023-155502,26-Jan-23,31/1/2023,,SD-20485,Shirley Daniels,Home Office,United States,Alexandria,Virginia,22304,South,OFF-ST-10004337,Office Supplies,Storage,"SAFCO Commercial Wire Shelving, 72h",489.92,8,0,0
76,US-2023-155502,26-Jan-23,31/1/2023,Standard Class,SD-20485,Shirley Daniels,Home Office,United States,Alexandria,Virginia,22304,South,TEC-PH-10002103,Technology,Phones,Jabra SPEAK 410,187.98,2,0,
77,US-2023-155502,26/1/2023 0:00,31/1/2023,Standard Class,SD-20485,Shirley Daniels,Home Office,United States,Alexandria,Virginia,22304,South,TEC-PH-10004833,Technology,Phones,Macally Suction Cup Mount,,13,0,0
78,US-2023-117163,27.01.2023,2/2/2023,Standard Class,EJ-13720,Ed Jacobs,Consumer,United States,San Diego,California,92037,West,FUR-TA-10003469,Furniture,Tables,Balt Split Level Computer Training Table,333,3,0.2,
79,US-2023-117163,27-Jan-23,2/2/2023,Standard Class,EJ-13720,Ed Jacobs,Consumer,United States,San Diego,California,92037,West,OFF-AR-10003179,Office Supplies,Art,Dixon Ticonderoga Core-Lock Colored Pencils,36.44,4,0,12.0252
80,US-2023-117163,20230127,2/2/2023,Standard Class,EJ-13720,Ed Jacobs,Consumer,United States,San Diego,California,92037,West,OFF-ST-10003692,Office Supplies,Storage,Recycled Steel Personal File for Hanging File Folders,57.23,1,0,14.3075
81,US-2023-100328,28/1/2023 0:00,3/2/2023,Standard Class,JC-15340,Jasper Cacioppo,Consumer,United States,New York City,New York,10024,East,OFF-BI-10000343,Office Supplies,Binders,"Pressboard Covers with Storage Hooks, 9 1/2"" x 11"", Light Blue",,1,0.2,1.3257
81,US-2023-100328,28/1/2023 0:00,3/2/2023,Standard Class,JC-15340,Jasper Cacioppo,Consumer,United States,New York City,New York,10024,East,OFF-BI-10000343,Office Supplies,Binders,"Pressboard Covers with Storage Hooks, 9 1/2"" x 11"", Light Blue",,1,0.2,1.3257
82,US-2023-134103,30/1/2023 0:00,4/2/2023,Standard Class,MV-18190,Mike Vittorini,Consumer,United States,Detroit,Michigan,48234,Central,OFF-PA-10001204,Office Supplies,Paper,Xerox 1972,10.56,2,0,4.752
83,US-2023-134103,20230130,4/2/2023,Standard Class,MV-18190,Mike Vittorini,Consumer,United States,Detroit,Michigan,48234,Central,OFF-ST-10000991,Office Supplies,Storage,Space Solutions HD Industrial Steel Shelving.,229.94,2,0,
84,US-2023-115161,31/1/2023 0:00,2/2/2023,First Class,LC-17050,Liz Carlisle,Consumer,United States,Mission Viejo,California,92691,West,FUR-BO-10003966,Furniture,Bookcases,"Sauder Facets Collection Library, Sky Alder Finish",290.666,,0.15,3.4196
85,US-2023-140795,1/2/2023 0:00,3/2/2023,First Class,BD-11500,Bradley Drucker,Consumer,United States,Green Bay,Wisconsin,54302,Central,TEC-AC-10001432,Technology,Accessories,Enermax Aurora Lite Keyboard,468.9,6,0,206.316
86,US-2023-123400,2/2/2023 0:00,9/2/2023,Standard Class,EB-13930,Eric Barreto,Consumer,United States,Saint Petersburg,Florida,33710,South,OFF-BI-10000666,Office Supplies,Binders,Surelock Post Binders,18.336,2,0.7,-12.224
87,US-2023-139857,2-Feb-23,6/2/2023,Standard Class,CD-12790,Cynthia Delaney,Home Office,United States,San Diego,California,92037,West,OFF-FA-10001843,Office Supplies,Fasteners,Staples,12.35,5,0,5.8045
88,US-2023-123400,2/2/2023 0:00,9/2/2023,Standard Class,EB-13930,Eric Barreto,Consumer,United States,Saint Petersburg,Florida,33710,South,TEC-PH-10002890,Technology,Phones,AT&T 17929 Lendline Telephone,180.96,5,0.2,13.572
89,US-2023-111059,3-Feb-23,6/2/2023,Second Class,TB-21400,Tom Boeckenhauer,Consumer,United States,Seattle,Washington,98105,West,OFF-BI-10002827,Office Supplies,Binders,Avery Durable Poly Binders,,3,0.2,4.3134
90,US-2023-111059,3/2/2023 0:00,6/2/2023,Second Class,TB-21400,Tom Boeckenhauer,Consumer,United States,Seattle,Washington,98105,West,OFF-BI-10004593,Office Supplies,Binders,Ibico Laser Imprintable Binding System Covers,83.84,2,0.2,27.248
91,US-2023-104808,4-Feb-23,8/2/2023,Second Class,MH-17440,Mark Haberlin,corporate,United States,Escondido,California,92025,West,OFF-BI-10003676,Office Supplies,Binders,"GBC Standard Recycled Report Covers, Clear Plastic Sheets",17.248,2,0.2,6.0368
92,US-2023-107181,4/2/2023 0:00,8/2/2023,Standard Class,DB-13270,Deborah Brumfield,Home Office,United States,San Diego,California,92024,West,OFF-BI-10004230,Office Supplies,Binders,GBC Recycled Grain Textured Covers,82.896,3,0.2,29.0136
